walkability_category,n,pct
Excellent,17,8.374384236453201
Fair,66,32.51231527093596
Good,64,31.527093596059114
Poor,45,22.167487684729064
Very Poor,11,5.41871921182266
